{
    "myOverlays": [
        {
            "type": "Text",
            "position": {
                "x": -2.975149154663086,
                "y": 1.0,
                "z": 14.670997619628907
            },
            "rotation": {
                "x": 0.0003279505472164601,
                "y": -0.0010403807973489166,
                "z": -0.3006388545036316,
                "w": 0.9537374973297119
            },
            "scale": {
                "x": 0.0031802949961274864,
                "y": 0.003180295694619417,
                "z": 0.0031802949961274864
            }
        },
        {
            "type": "Image",
            "position": {
                "x": 7.486785888671875,
                "y": 1.3931884765625,
                "z": 0.25907182693481448
            },
            "rotation": {
                "x": 0.0004424141952767968,
                "y": -0.000997101771645248,
                "z": -0.4055697023868561,
                "w": 0.9140635132789612
            },
            "scale": {
                "x": 0.005642710719257593,
                "y": 0.005642720498144627,
                "z": 0.005642710719257593
            }
        }
    ]
}
